id,number,title,category_id,deadline,priority_id,additional_details,project_id,project_step_id,version,created,last_modified,is_deleted
5235bd17-661d-4ccb-9b37-effa2aadc462,2025-T-1,Define mission objectives,d493969b-2c73-4e87-9f54-b1655a538288,2025-08-14 00:00:00.000,31259c88-a717-454c-bdd0-1dfa19245b77,null,6e723e03-4a67-475c-b614-d3993947e596,2ab233ca-ded4-41ba-8eac-fc8ab1df68dc,0,2025-08-14 00:00:00.000,2025-08-14 00:00:00.000,FALSE
18e1a2df-f1fc-49e0-81d6-85c75a78a0f2,2025-T-2,"Choose rocket name (e.g., ""CosmoCarp"")",d493969b-2c73-4e87-9f54-b1655a538288,2025-08-15 00:00:00.000,d5d3b994-fd44-45f3-8637-adfff6834c61,null,6e723e03-4a67-475c-b614-d3993947e596,2ab233ca-ded4-41ba-8eac-fc8ab1df68dc,0,2025-08-14 00:00:00.000,2025-08-14 00:00:00.000,FALSE
60060239-0e33-4110-b152-f2e2240432b8,2025-T-3,Assemble the project team,d493969b-2c73-4e87-9f54-b1655a538288,2025-08-16 00:00:00.000,c183e26b-6702-4758-a397-c547cf119cf5,null,6e723e03-4a67-475c-b614-d3993947e596,2ab233ca-ded4-41ba-8eac-fc8ab1df68dc,0,2025-08-14 00:00:00.000,2025-08-14 00:00:00.000,FALSE
2e924ad2-44c9-4cb8-aff0-4c0c2827dddb,2025-T-4,Create initial sketches,d493969b-2c73-4e87-9f54-b1655a538288,2025-08-17 00:00:00.000,3b893ffa-50b0-4c74-b441-c7e31a176c53,null,6e723e03-4a67-475c-b614-d3993947e596,c45e434b-1dce-4405-80c3-9edb55d31684,0,2025-08-14 00:00:00.000,2025-08-14 00:00:00.000,FALSE
8ba4b587-5991-4583-bc9b-3f5ff0098199,2025-T-5,"Select fuel type (e.g., ""mega-super eco-friendly"")",d493969b-2c73-4e87-9f54-b1655a538288,2025-08-18 00:00:00.000,72811daf-820e-4035-a72f-468116ce3155,null,6e723e03-4a67-475c-b614-d3993947e596,c45e434b-1dce-4405-80c3-9edb55d31684,0,2025-08-14 00:00:00.000,2025-08-14 00:00:00.000,FALSE
a5885449-ba80-412f-b7db-2bda79719812,2025-T-6,Assign responsibilities for individual modules,d493969b-2c73-4e87-9f54-b1655a538288,2025-08-19 00:00:00.000,31259c88-a717-454c-bdd0-1dfa19245b77,null,6e723e03-4a67-475c-b614-d3993947e596,c45e434b-1dce-4405-80c3-9edb55d31684,0,2025-08-14 00:00:00.000,2025-08-14 00:00:00.000,FALSE
10179858-782c-4a71-995c-8c79f550662d,2025-T-7,Design engines,d493969b-2c73-4e87-9f54-b1655a538288,2025-08-20 00:00:00.000,d5d3b994-fd44-45f3-8637-adfff6834c61,null,6e723e03-4a67-475c-b614-d3993947e596,ed0e90b8-1bd4-4c63-8bc0-99c126d58514,0,2025-08-14 00:00:00.000,2025-08-14 00:00:00.000,FALSE
495cd7e2-6a5a-4007-bd55-45942949892f,2025-T-8,Design crew or cargo capsule,d493969b-2c73-4e87-9f54-b1655a538288,2025-08-21 00:00:00.000,c183e26b-6702-4758-a397-c547cf119cf5,null,6e723e03-4a67-475c-b614-d3993947e596,ed0e90b8-1bd4-4c63-8bc0-99c126d58514,0,2025-08-14 00:00:00.000,2025-08-14 00:00:00.000,FALSE
ef56bf13-9d99-486a-bb5d-ba18e01a2e67,2025-T-9,Safety and communication systems,d493969b-2c73-4e87-9f54-b1655a538288,2025-08-22 00:00:00.000,3b893ffa-50b0-4c74-b441-c7e31a176c53,null,6e723e03-4a67-475c-b614-d3993947e596,ed0e90b8-1bd4-4c63-8bc0-99c126d58514,0,2025-08-14 00:00:00.000,2025-08-14 00:00:00.000,FALSE
078ad45b-0e76-4f5b-ada1-7e1bbfa60850,2025-T-10,Manufacture components,d493969b-2c73-4e87-9f54-b1655a538288,2025-08-23 00:00:00.000,72811daf-820e-4035-a72f-468116ce3155,null,6e723e03-4a67-475c-b614-d3993947e596,8246881c-bab8-404d-ba67-9f8f40f1a19f,0,2025-08-14 00:00:00.000,2025-08-14 00:00:00.000,FALSE
5ea747a4-2832-4e6b-826c-54c93746c7b7,2025-T-11,Initial assembly,d493969b-2c73-4e87-9f54-b1655a538288,2025-08-24 00:00:00.000,31259c88-a717-454c-bdd0-1dfa19245b77,null,6e723e03-4a67-475c-b614-d3993947e596,8246881c-bab8-404d-ba67-9f8f40f1a19f,0,2025-08-14 00:00:00.000,2025-08-14 00:00:00.000,FALSE
a65c61f4-d501-4489-9e34-c8a84d70ec7b,2025-T-12,Ground testing of modules,d493969b-2c73-4e87-9f54-b1655a538288,2025-08-25 00:00:00.000,d5d3b994-fd44-45f3-8637-adfff6834c61,null,6e723e03-4a67-475c-b614-d3993947e596,8246881c-bab8-404d-ba67-9f8f40f1a19f,0,2025-08-14 00:00:00.000,2025-08-14 00:00:00.000,FALSE
36492412-e5d9-4287-9c37-ec4810df077d,2025-T-13,Combine all modules into one unit,d493969b-2c73-4e87-9f54-b1655a538288,2025-08-26 00:00:00.000,c183e26b-6702-4758-a397-c547cf119cf5,null,6e723e03-4a67-475c-b614-d3993947e596,c8c4c65c-499e-4443-a103-5b4c99b4b1a7,0,2025-08-14 00:00:00.000,2025-08-14 00:00:00.000,FALSE
688ae12f-a220-4355-8010-6e8cd1a39db6,2025-T-14,Integration testing,d493969b-2c73-4e87-9f54-b1655a538288,2025-08-27 00:00:00.000,3b893ffa-50b0-4c74-b441-c7e31a176c53,null,6e723e03-4a67-475c-b614-d3993947e596,c8c4c65c-499e-4443-a103-5b4c99b4b1a7,0,2025-08-14 00:00:00.000,2025-08-14 00:00:00.000,FALSE
671f8d4a-5330-4d67-9853-7d57ec1ea17f,2025-T-15,Flight simulations,d493969b-2c73-4e87-9f54-b1655a538288,2025-08-28 00:00:00.000,72811daf-820e-4035-a72f-468116ce3155,null,6e723e03-4a67-475c-b614-d3993947e596,c8c4c65c-499e-4443-a103-5b4c99b4b1a7,0,2025-08-14 00:00:00.000,2025-08-14 00:00:00.000,FALSE
3773511a-c47d-47d3-81bb-5dbfc07ebf98,2025-T-16,Static fire tests at the test stand,d493969b-2c73-4e87-9f54-b1655a538288,2025-08-29 00:00:00.000,31259c88-a717-454c-bdd0-1dfa19245b77,null,6e723e03-4a67-475c-b614-d3993947e596,736cc0e9-b71f-4913-8974-ec6f0e942ae3,0,2025-08-14 00:00:00.000,2025-08-14 00:00:00.000,FALSE
57620497-f330-4cc4-9196-3ddaf204b135,2025-T-17,Check emergency systems,d493969b-2c73-4e87-9f54-b1655a538288,2025-08-30 00:00:00.000,d5d3b994-fd44-45f3-8637-adfff6834c61,null,6e723e03-4a67-475c-b614-d3993947e596,736cc0e9-b71f-4913-8974-ec6f0e942ae3,0,2025-08-14 00:00:00.000,2025-08-14 00:00:00.000,FALSE
6381be81-a521-4d01-ac50-41c63cd35801,2025-T-18,Final adjustments,d493969b-2c73-4e87-9f54-b1655a538288,2025-08-31 00:00:00.000,c183e26b-6702-4758-a397-c547cf119cf5,null,6e723e03-4a67-475c-b614-d3993947e596,736cc0e9-b71f-4913-8974-ec6f0e942ae3,0,2025-08-14 00:00:00.000,2025-08-14 00:00:00.000,FALSE
6fe31f7d-840f-4767-829e-475f402d16e3,2025-T-19,Countdown and ignition,d493969b-2c73-4e87-9f54-b1655a538288,2025-09-14 00:00:00.000,3b893ffa-50b0-4c74-b441-c7e31a176c53,null,6e723e03-4a67-475c-b614-d3993947e596,1667e2aa-3a36-45b1-947a-bc432c0f111b,0,2025-08-14 00:00:00.000,2025-08-14 00:00:00.000,FALSE
30a045d7-faeb-481b-94b3-ea4bb22e26da,2025-T-20,Monitor flight parameters,d493969b-2c73-4e87-9f54-b1655a538288,2025-09-15 00:00:00.000,72811daf-820e-4035-a72f-468116ce3155,null,6e723e03-4a67-475c-b614-d3993947e596,1667e2aa-3a36-45b1-947a-bc432c0f111b,0,2025-08-14 00:00:00.000,2025-08-14 00:00:00.000,FALSE
a5a9295d-9f19-45f2-9b02-54fadf09690a,2025-T-21,Live broadcast for project supporters,d493969b-2c73-4e87-9f54-b1655a538288,2025-09-16 00:00:00.000,31259c88-a717-454c-bdd0-1dfa19245b77,null,6e723e03-4a67-475c-b614-d3993947e596,1667e2aa-3a36-45b1-947a-bc432c0f111b,0,2025-08-14 00:00:00.000,2025-08-14 00:00:00.000,FALSE
dae11ba9-f9be-40d8-95ee-fd967eefac06,2025-T-22,"Carry out mission objective (e.g., ""cargo delivery"")",d493969b-2c73-4e87-9f54-b1655a538288,2025-09-17 00:00:00.000,d5d3b994-fd44-45f3-8637-adfff6834c61,null,6e723e03-4a67-475c-b614-d3993947e596,22d3d9a7-5e19-4d85-9444-b6ccc2fbef7d,0,2025-08-14 00:00:00.000,2025-08-14 00:00:00.000,FALSE
52f66d4e-79bf-4e85-93f9-405322fe7a4a,2025-T-23,Monitor rocket systems,d493969b-2c73-4e87-9f54-b1655a538288,2025-09-18 00:00:00.000,c183e26b-6702-4758-a397-c547cf119cf5,null,6e723e03-4a67-475c-b614-d3993947e596,22d3d9a7-5e19-4d85-9444-b6ccc2fbef7d,0,2025-08-14 00:00:00.000,2025-08-14 00:00:00.000,FALSE
4593d1b7-88bc-4fbf-99dd-94afee57198e,2025-T-24,Prepare for return or deorbiting,d493969b-2c73-4e87-9f54-b1655a538288,2025-09-19 00:00:00.000,3b893ffa-50b0-4c74-b441-c7e31a176c53,null,6e723e03-4a67-475c-b614-d3993947e596,22d3d9a7-5e19-4d85-9444-b6ccc2fbef7d,0,2025-08-14 00:00:00.000,2025-08-14 00:00:00.000,FALSE
34210a4d-5e76-48c4-8b61-1934ab128aac,2025-T-25,Summarize mission results,d493969b-2c73-4e87-9f54-b1655a538288,2025-09-20 00:00:00.000,72811daf-820e-4035-a72f-468116ce3155,null,6e723e03-4a67-475c-b614-d3993947e596,cd235e39-617d-46d9-8db9-a75ba7cc3314,0,2025-08-14 00:00:00.000,2025-08-14 00:00:00.000,FALSE
fa7e920a-fa12-4e6e-ab28-615ce6c9d9e5,2025-T-26,Data analysis,d493969b-2c73-4e87-9f54-b1655a538288,2025-09-21 00:00:00.000,31259c88-a717-454c-bdd0-1dfa19245b77,null,6e723e03-4a67-475c-b614-d3993947e596,cd235e39-617d-46d9-8db9-a75ba7cc3314,0,2025-08-14 00:00:00.000,2025-08-14 00:00:00.000,FALSE
828acb15-8c4a-4593-9ce6-0a62920de2a7,2025-T-27,Final report and documentation archiving,d493969b-2c73-4e87-9f54-b1655a538288,2025-09-22 00:00:00.000,d5d3b994-fd44-45f3-8637-adfff6834c61,null,6e723e03-4a67-475c-b614-d3993947e596,cd235e39-617d-46d9-8db9-a75ba7cc3314,0,2025-08-14 00:00:00.000,2025-08-14 00:00:00.000,FALSE
13531048-a6c6-492a-a84f-8ec3c955e93d,2025-T-28,ticket to delete,d493969b-2c73-4e87-9f54-b1655a538288,2025-09-22 00:00:00.000,d5d3b994-fd44-45f3-8637-adfff6834c61,null,6e723e03-4a67-475c-b614-d3993947e596,cd235e39-617d-46d9-8db9-a75ba7cc3314,0,2025-08-14 00:00:00.000,2025-08-14 00:00:00.000,FALSE
52c58580-775a-460e-93bf-10b77f4f0881,2025-T-29,ticket deleted,d493969b-2c73-4e87-9f54-b1655a538288,2025-09-22 00:00:00.000,d5d3b994-fd44-45f3-8637-adfff6834c61,null,6e723e03-4a67-475c-b614-d3993947e596,cd235e39-617d-46d9-8db9-a75ba7cc3314,0,2025-08-14 00:00:00.000,2025-08-14 00:00:00.000,TRUE
bbe1b136-e68b-4ecd-bbb9-979a10ab2ef7,2025-T-30,ticket to update,d493969b-2c73-4e87-9f54-b1655a538288,2025-09-22 00:00:00.000,d5d3b994-fd44-45f3-8637-adfff6834c61,null,6e723e03-4a67-475c-b614-d3993947e596,cd235e39-617d-46d9-8db9-a75ba7cc3314,0,2025-08-14 00:00:00.000,2025-08-14 00:00:00.000,FALSE